Date,Region,Business_Unit,Revenue,Profit,Marketing_Spend,Customer_Satisfaction
2023-01-01,North,Product A,53973.713224089865,38602.55328833154,9723.471397657631,4.761514928204012
2023-01-01,North,Product B,48126.77300221331,32015.83410060428,9531.726086101638,4.383717364576454
2023-01-01,North,Product C,46244.204912520385,30622.50251816092,11085.12008717193,3.7671351232148718
2023-01-01,South,Product A,51935.698172528275,42487.17649435691,6173.439510684404,3.718856235379514
2023-01-01,South,Product B,41897.35103732461,27176.880447655272,10628.494665190548,3.293848149332354
2023-01-01,South,Product C,61725.19015137243,47109.214547657575,9548.447399026929,3.287625906893272
2023-01-01,East,Product A,45644.93820379854,31574.086601801115,10221.845179419732,4.187849009172836
2023-01-01,East,Product B,45194.89048064956,31379.984592465516,9416.612500413446,4.926139092254469
2023-01-01,East,Product C,49892.02220209653,36184.89914790515,7884.5781420881995,3.389578175014489
2023-01-01,West,Product A,51670.908760038044,41918.43505669603,6080.659752240449,4.098430617934562
2023-01-01,West,Product B,55907.73263996329,40680.644359971586,10342.736562379941,3.8494481522053556
2023-01-01,West,Product C,38171.82407706058,25072.15126480978,8560.311583210583,4.528561113109458
2023-01-08,North,Product A,52748.94631654769,40950.94265787837,6473.919689274532,3.8074588597918417
2023-01-08,North,Product B,44584.62399755233,27330.271897374645,11223.352577681735,4.465640059558099
2023-01-08,North,Product C,43286.259814218894,28573.421134517757,9381.575248297571,4.48777256356118
2023-01-08,South,Product A,46166.60609723768,32644.259024571344,9628.682046672366,3.4018966879596646
2023-01-08,South,Product B,56500.206579153586,38859.73664359228,12712.480057141645,4.501766448946012
2023-01-08,South,Product C,52893.08820038107,38821.93210408291,8709.760490789751,4.769018283232985
2023-01-08,East,Product A,49713.39168712039,34203.84947958212,13129.287311628013,4.410951252187612
2023-01-08,East,Product B,50696.37654590537,36202.63047030161,9401.985299068265,3.006215542699554
2023-01-08,East,Product C,48242.6248972999,31050.505709534897,10714.225143023494,3.7408648908631763
2023-01-08,West,Product A,43532.0511768545,28620.163146321498,8996.485912830927,4.164375554829842
2023-01-08,West,Product B,45761.91836986369,29638.30595428894,11026.534866226712,4.484322495266444
2023-01-08,West,Product C,44383.57524898118,30431.007695308876,9344.675706804464,3.2682425259339407
2023-01-15,North,Product A,52368.96221651661,36841.73821551437,10522.110544359779,3.8827064333124266
2023-01-15,North,Product B,38677.034063596686,24861.03922565417,9158.709354469282,3.5988613653891903
2023-01-15,North,Product C,48709.71430667193,31015.426691832323,10808.101713629077,4.087288906415919
2023-01-15,South,Product A,52060.40312578211,39128.066172613486,9851.108168467665,3.9867430622753917
2023-01-15,South,Product B,50481.84167952821,30747.718419338766,14926.484224970573,4.150773671166807
2023-01-15,South,Product C,49722.30584235805,35916.83910308209,7662.643924760936,4.375966516343387
2023-01-15,East,Product A,56328.255576344374,41744.23617499775,8181.225090410522,3.2990744686038598
2023-01-15,East,Product B,54694.85675040216,36304.4818239129,14380.911251619957,3.716851135198614
2023-01-15,East,Product C,50797.21092070113,38354.82565999966,8993.0486917676,4.034281487403014
2023-01-15,West,Product A,41501.57029019116,26473.8096631546,10947.184861270363,4.77496720250877
2023-01-15,West,Product B,43733.973661310105,28564.579476351784,9355.876967588649,3.3845678417830225
2023-01-15,West,Product C,51819.67947683304,35812.87720282941,12614.285508564855,4.092316929266152
2023-01-22,North,Product A,52079.062353987385,36752.36732131084,11563.645743554622,3.3397716934578616
2023-01-22,North,Product B,54175.53252493518,38331.07032812293,10593.969346466372,4.1732241047484875
2023-01-22,North,Product C,44559.80222737207,28802.222359751384,10464.507394322007,3.642824290986816
2023-01-22,South,Product A,64926.19608915805,50169.83374453713,10947.665841823575,4.328276804316915
2023-01-22,South,Product B,42202.546638181426,24469.781851689117,11574.169207484903,3.5896588408241445
2023-01-22,South,Product C,57707.00903395457,41059.38702008708,10825.561853872996,4.948396491326974
2023-01-22,East,Product A,48036.89507197704,35433.88183031754,8492.527671285021,3.5920948575172806
2023-01-22,East,Product B,49383.186324687165,33424.19157572386,10682.303949633288,4.413591624518012
2023-01-22,East,Product C,50104.015135023255,32461.603813946575,12907.068154314635,5.0
2023-01-22,West,Product A,55005.33878212005,42790.54639301373,8285.684887167436,4.241236207621593
2023-01-22,West,Product B,48212.297717393194,31311.059104635468,11428.000988184183,3.9635855436715635
2023-01-22,West,Product C,43225.65025545276,31701.859656891513,6970.305550628271,4.428199397161736
2023-01-29,North,Product A,51712.74995304163,39031.04658461442,7508.522442576024,4.192658689864419
2023-01-29,North,Product B,42929.140510390935,27563.48158005388,10307.450211891055,3.4285148510846883
2023-01-29,North,Product C,52862.298882786265,35657.678586874514,11121.56905273647,4.526901026017452
2023-01-29,South,Product A,38978.64505634327,25339.25986896486,8124.349920169754,4.256892975456104
2023-01-29,South,Product B,54120.38149044838,30844.02799844577,17705.462981309443,4.567782820090299
2023-01-29,South,Product C,57632.01410794562,41644.50084997437,11302.782502611597,4.379484610246633
2023-01-29,East,Product A,43817.398283699426,29776.399045008548,9526.362786519981,4.040937069693161
2023-01-29,East,Product B,68517.26853338807,56565.53872819705,6265.469614816504,3.193642064405174
2023-01-29,East,Product C,46224.54507368453,28982.363860654335,12177.901193934733,3.461127611035347
2023-01-29,West,Product A,44277.57032592026,28648.74145976804,11359.195497869352,4.108229294790988
2023-01-29,West,Product B,50364.57471923051,34523.83132511682,8696.799304788366,4.316959511159006
2023-01-29,West,Product C,33798.85930673914,19087.737141968675,10372.908629538855,4.426216667398112
2023-02-05,North,Product A,43659.8340925384,28384.319696491737,9770.527117066202,4.432877597085061
2023-02-05,North,Product B,40397.62874355379,26541.57652639664,9330.997528318103,3.673335383713144
2023-02-05,North,Product C,64123.63392224877,49574.554454661906,10809.963421921912,4.458930973527388
2023-02-05,South,Product A,66977.24957610107,51431.689020952785,12064.930521102295,3.7578829635668742
2023-02-05,South,Product B,60135.28919349298,46106.80869658432,8584.661068762438,4.387317026714668
2023-02-05,South,Product C,42584.55622737534,30944.874279568012,9880.9492878764,3.487806179332855
2023-02-05,East,Product A,47979.45478885472,33842.60984885278,7504.433636070301,3.2849293110196838
2023-02-05,East,Product B,46479.64410642413,29776.889662785834,10261.481154572182,3.2820689244102805
2023-02-05,East,Product C,59305.31001723968,45266.35254624846,10020.466122039174,4.231051737131636
2023-02-05,West,Product A,51592.47756458776,37723.109233915326,8799.56624568241,3.80734320156912
2023-02-05,West,Product B,50908.138762009985,32997.86059682254,11324.261349042094,3.3810922505865753
2023-02-05,West,Product C,67064.26699725013,56120.22769133072,6095.824400954996,4.2941586032422885
2023-02-12,North,Product A,52247.93494188026,38701.45623187872,8754.600960358812,3.753499532670584
2023-02-12,North,Product B,45285.081944446305,28228.862264439205,11699.20419404205,3.653545202369673
2023-02-12,North,Product C,57196.799003466,40769.33784287383,10614.59904175322,4.314814420961806
2023-02-12,South,Product A,43368.03991262342,28741.1083878941,8879.63791960606,4.3051851327167325
2023-02-12,South,Product B,49832.78724828681,33320.467585880826,10234.654766617565,3.704214305582085
2023-02-12,South,Product C,54376.7790493603,39998.845557455315,9595.614695132212,4.549388425993595
2023-02-12,East,Product A,56603.33079190424,38670.832712748634,11627.019272001276,4.010501920816379
2023-02-12,East,Product B,55455.623770359714,40751.990931058186,9379.466486813088,3.9349284728161575
2023-02-12,East,Product C,50775.96771994174,35403.87435230138,11190.314050873827,5.0
2023-02-12,West,Product A,41951.86094800239,28222.127300077787,7571.622774424535,4.395831346981468
2023-02-12,West,Product B,54992.95853641724,38748.51429073559,11256.69101852856,3.551372814257084
2023-02-12,West,Product C,50606.436465549814,35985.64015515629,8645.676576975777,3.9264713092489307
2023-02-19,North,Product A,43396.02242565991,28625.862654690274,9357.228316694012,3.7181377235980126
2023-02-19,North,Product B,43422.236835468546,27689.895841375997,10487.374422983825,3.746528412314435
2023-02-19,North,Product C,46231.69355505342,32215.678021835472,10464.099874715273,3.296268112811722
2023-02-19,South,Product A,44252.44622998051,29368.4329678062,9573.105696576305,4.737678108474776
2023-02-19,South,Product B,56861.276985616154,42200.1702534457,9680.122940073146,3.4987353176810956
2023-02-19,South,Product C,49851.89491206088,35106.49362956306,9422.682722159723,3.5863845282238387
2023-02-19,East,Product A,54154.77211392938,36198.054436381084,13065.477826005155,4.200855861049471
2023-02-19,East,Product B,55521.1519336889,41099.50039565016,9197.559056228327,4.0062962003908975
2023-02-19,East,Product C,50781.408788390654,37302.918181842644,8453.980432289067,4.248999145622725
2023-02-19,West,Product A,61609.148862360336,42537.42475267836,11918.541652170414,3.616326218555975
2023-02-19,West,Product B,56978.56509376543,39422.07814907105,10366.684011476704,3.595850857322424
2023-02-19,West,Product C,43282.225262553795,31604.90627775165,8801.214709111955,3.7371224891596193
2023-02-26,North,Product A,43926.938707570414,28284.395158840838,10300.787572952415,4.938085419607943
2023-02-26,North,Product B,57603.390705488404,44655.61268816157,8846.192688675193,4.245959585753253
2023-02-26,North,Product C,39438.13434383486,19595.77669140487,13662.917531708707,3.765412173947648
2023-02-26,South,Product A,36294.92376727298,18701.71886419477,12707.744748330826,4.61890815598673
2023-02-26,South,Product B,37244.578729645065,23438.085075834428,8801.249954092455,4.023490296882371
2023-02-26,South,Product C,46399.47622816605,31221.39679285365,11245.699864694998,3.9288102574893533
2023-02-26,East,Product A,50962.36505369519,34221.8725074888,11028.877668117499,3.4376789540810653
2023-02-26,East,Product B,37727.086634115025,19839.418978338414,12555.353643797018,3.625756731721723
2023-02-26,East,Product C,62409.21580418018,45998.569351530634,10231.349268585718,4.033759240705055
2023-02-26,West,Product A,66485.9833990559,48224.265862648565,13510.68168488641,4.4857854754771775
2023-02-26,West,Product B,55163.00759668118,38390.66794219658,12737.263115064698,4.343025729999219
2023-02-26,West,Product C,58467.395894796704,48168.1333803087,6482.521027153771,2.98038391111995
2023-03-05,North,Product A,47844.74532444354,29907.30376075558,11435.084511591926,4.037047390209888
2023-03-05,North,Product B,63028.92436457034,52492.50972035528,7239.797083570217,3.9722261505516907
2023-03-05,North,Product C,53072.52359151446,40205.35518774253,9934.610503811813,3.955439980243606
2023-03-05,South,Product A,39564.24399596117,22858.30065220425,11339.345097660076,3.530060106836322
2023-03-05,South,Product B,45889.06466130645,33070.17080235753,7881.572956222097,4.477571160250619
2023-03-05,South,Product C,42114.191629315654,26636.356216652406,11008.093031035689,3.603563583868828
2023-03-05,East,Product A,49143.75712036354,36767.89107054946,7929.515355161252,3.401061053705576
2023-03-05,East,Product B,65717.80106333112,51346.99946738024,10070.527103943457,4.106989955367111
2023-03-05,East,Product C,49101.37560247336,33929.14810149638,9558.060800933554,4.378753855023652
2023-03-05,West,Product A,45755.99081911578,32182.678997556784,8848.36351871064,2.8490394176322074
2023-03-05,West,Product B,37878.47150241158,18499.75525402125,12733.74853488905,3.875481980221811
2023-03-05,West,Product C,54612.45570444613,35911.07458690382,10622.500309087072,4.559787455717288
2023-03-12,North,Product A,48976.65926815387,37494.186469612294,8088.919118799148,4.1017318179336115
2023-03-12,North,Product B,43949.194037725574,32440.274341163447,7155.492580804652,3.4592259981928026
2023-03-12,North,Product C,63497.13308058052,46741.82620799824,11763.2795138989,4.739972069445013
2023-03-12,South,Product A,50618.946461180945,35818.39078656782,8277.431597343473,4.2694550218423295
2023-03-12,South,Product B,41702.03076538835,27958.326374940323,9619.322643832784,3.3086001345178317
2023-03-12,South,Product C,57409.420380253134,39989.15467313202,13818.83328094026,4.281484618345285
2023-03-12,East,Product A,44794.85944702539,31361.504138793647,9025.749232470607,3.568004615160092
2023-03-12,East,Product B,50388.173023558615,36779.61643060085,8338.099767177924,3.9748809452754315
2023-03-12,East,Product C,48088.41562506872,35480.31427972025,8184.872675916804,4.377695612912878
2023-03-12,West,Product A,54007.33750099505,40863.11568516292,8044.889510402898,4.375693561685894
2023-03-12,West,Product B,36644.75775102903,21220.661125215003,11086.72038475987,4.28529933429658
2023-03-12,West,Product C,43893.92674765986,34131.23338687206,6390.235798670962,4.024042473330691
2023-03-19,North,Product A,52077.78001377186,38247.8208052033,8191.366749791183,3.16923996886552
2023-03-19,North,Product B,49471.36161082147,37545.23011814854,7577.967600475087,4.023699335658207
2023-03-19,North,Product C,43116.69307772838,27879.511356973588,9230.888911540349,3.711554065238426
2023-03-19,South,Product A,56685.53689652114,43415.14642792109,7740.586290684763,4.72078431032895
2023-03-19,South,Product B,30226.843998981687,16243.562382742099,8406.209489059047,3.8984773069785037
2023-03-19,South,Product C,52969.16698697047,39090.547572929216,8792.02962656836,3.92216138230396
2023-03-19,East,Product A,59342.25649327846,43495.81214460083,10508.841686602425,3.794061516938766
2023-03-19,East,Product B,46099.150207420054,31569.814440681,9134.883624360758,3.7895077595898687
2023-03-19,East,Product C,52318.1988551713,32296.272554448733,14150.801597290878,3.8369882339160792
2023-03-19,West,Product A,59609.711377311556,47463.986658532514,9183.849253956898,3.495956844541298
2023-03-19,West,Product B,35033.66463179316,20718.273220686224,9296.973031917383,4.8382186561376415
2023-03-19,West,Product C,52615.4189901133,37224.214466547535,9561.798942382271,2.8944323454960577
2023-03-26,North,Product A,51884.916464868526,36821.772322874436,11541.730387773934,4.5718770216034645
2023-03-26,North,Product B,52707.97125995532,37905.76522165063,9169.424172198398,5.0
2023-03-26,North,Product C,51454.93004046796,36417.84976740753,10496.441172600673,3.575077815267604
2023-03-26,South,Product A,56642.68653235397,43283.28794695231,8287.832348182266,3.761171276617442
2023-03-26,South,Product B,53831.838605971134,37126.97445113934,10667.324210573897,3.7449918005726266
2023-03-26,South,Product C,47841.00051765303,35242.82120929376,8042.472568435385,4.1886502465224265
2023-03-26,East,Product A,56055.90893316281,42030.6336614124,8155.669351644749,4.677818929402475
2023-03-26,East,Product B,53307.479225789604,35327.676799777044,13753.591625116132,3.3776726483442916
2023-03-26,East,Product C,35770.23800876577,17123.78372943335,12992.088622978366,3.9722076645447726
2023-03-26,West,Product A,52239.74901055856,37044.97512553848,7749.021905403247,4.064610590987614
2023-03-26,West,Product B,50875.15835683914,33942.61587730504,11451.533247797384,4.111942012139566
2023-03-26,West,Product C,43676.204356437505,25851.243145690478,10942.936714271991,4.672710023077489
2023-04-02,North,Product A,62745.49301311518,49757.52918623613,8977.56864713763,3.937106539950176
2023-04-02,North,Product B,50445.799298309554,34949.88089108248,12188.383036941897,4.7647751597303065
2023-04-02,North,Product C,48735.93681136808,35601.80332652309,9146.23786010516,3.1725716640671155
2023-04-02,South,Product A,56585.364671695315,42728.689637059564,10146.635934376807,3.352460613968192
2023-04-02,South,Product B,47313.72240567897,29235.270706463787,13338.043050578786,3.248428523440947
2023-04-02,South,Product C,48034.05548731244,36276.38926974936,9454.552860504658,3.972852566741094
2023-04-02,East,Product A,48152.52375833058,29911.1549337584,11392.412729626836,4.563282514773879
2023-04-02,East,Product B,47848.890475561355,32488.582489794837,7786.9481825166595,4.029609217007244
2023-04-02,East,Product C,50111.43433530357,34961.59974875572,9951.749825779993,3.9278197940380286
2023-04-02,West,Product A,45410.703944958106,31537.17509765489,8906.282117519215,3.7282876144331176
2023-04-02,West,Product B,44297.23373858268,29339.350500619745,10212.860455383794,4.751996494291344
2023-04-02,West,Product C,28792.241532855904,10363.142636513354,12183.013703844923,2.9633048837959253
2023-04-09,North,Product A,47258.49924735721,34408.89267406662,9257.118268008417,3.6110916562045623
2023-04-09,North,Product B,41115.39323627337,21675.173956278664,13504.540886847246,4.63577754749708
2023-04-09,North,Product C,55773.37651234588,43556.00032106011,7741.896457565541,4.244687280613959
2023-04-09,South,Product A,40222.97752886444,24037.306066677796,11425.996860344776,3.812589596225201
2023-04-09,South,Product B,55687.67974562793,40160.11928847493,10888.52662297208,4.579664901682124
2023-04-09,South,Product C,41351.49337920082,24526.52090734391,11231.871213888528,3.8452267803430047
2023-04-09,East,Product A,52609.06417793695,39187.26431150065,7497.772847229395,3.9075489317785053
2023-04-09,East,Product B,45818.21583584768,29424.54107471666,12098.018451673779,3.2957693518182203
2023-04-09,East,Product C,37546.96661180877,22615.376061613773,11212.01990269128,4.877397090992182
2023-04-09,West,Product A,33344.564736930224,14740.634533147531,13392.912736580076,3.951643444064804
2023-04-09,West,Product B,45640.6473055284,29880.009779249107,10798.272228704142,4.551650941008261
2023-04-09,West,Product C,50913.821189296315,35976.82987858642,10300.603522923755,3.9715271881394663
2023-04-16,North,Product A,52462.41415113647,42230.93635855544,6579.663214686749,4.371632047011357
2023-04-16,North,Product B,51366.92350502354,36716.45624466351,9632.033327294641,4.173790852680836
2023-04-16,North,Product C,45681.922557525104,32042.686753232047,8443.390549195374,3.510813611192484
2023-04-16,South,Product A,53266.02204571578,40642.03361686581,6594.832791524319,4.236298741206522
2023-04-16,South,Product B,52048.237874511,33417.3814621574,11965.381967891028,4.507185032509065
2023-04-16,South,Product C,35273.00614934684,23456.97866051392,7440.846066528597,4.013045525105417
2023-04-16,East,Product A,54141.27216375298,40405.99302558284,8548.51237369307,3.6223085338233387
2023-04-16,East,Product B,45107.857576064416,33844.41301587177,7186.677806303555,3.324157697191833
2023-04-16,East,Product C,42193.01397618134,26035.129271797603,12107.28359321568,5.0
2023-04-16,West,Product A,53946.543207047114,39435.22873983858,10369.672247389748,4.350154939704495
2023-04-16,West,Product B,45394.89739009781,27590.793222538294,10244.019629290722,3.951970050137675
2023-04-16,West,Product C,59194.186610285404,45635.527951034135,8593.647149748225,4.885400317817755
2023-04-23,North,Product A,44984.26353769786,25651.614486248523,13624.897115993857,3.718766612052866
2023-04-23,North,Product B,55059.26191244417,37492.34305097351,11945.10889925346,3.214887640054772
2023-04-23,North,Product C,44182.90259340105,29752.37329360411,9504.96272889699,4.310336048775339
2023-04-23,South,Product A,51421.60800746603,38712.09887388026,7329.311282579798,4.305292872641911
2023-04-23,South,Product B,54478.32358344832,36482.83997779017,12161.561451109243,4.2295900396142185
2023-04-23,South,Product C,49438.674308330825,37330.97795623022,6678.078132968018,4.103843843581555
2023-04-23,East,Product A,52172.630697562985,40807.184389611866,7446.5028483593815,4.526576426666452
2023-04-23,East,Product B,49683.55876914676,33292.23899827105,11363.00139474525,4.014878069747873
2023-04-23,East,Product C,57506.27044780798,43442.23912730175,8967.910543565253,3.768862355647479
2023-04-23,West,Product A,46524.03018054148,31920.240655845046,9381.655753062721,3.7606256891682612
2023-04-23,West,Product B,60046.04900458817,47022.135253188535,8210.785395560992,3.7801344708629125
2023-04-23,West,Product C,61575.82307482987,45150.868982338085,10393.109553023149,3.2572198134815142
2023-04-30,North,Product A,52136.40212695407,35274.856546431765,11779.261591246874,4.532740187532676
2023-04-30,North,Product B,45861.692399197025,25744.09939520662,12818.69488037116,3.8185807197801704
2023-04-30,North,Product C,46435.979828793825,26949.638728827715,12906.768954235402,3.7385699864233657
2023-04-30,South,Product A,46638.505463233145,33546.52519198844,9436.430782278985,3.540674026757901
2023-04-30,South,Product B,41966.873865983456,28537.1538835785,8464.404869791742,4.11710736626826
2023-04-30,South,Product C,62404.003942512616,48416.38962551361,8003.291918522418,3.8930055778872457
2023-04-30,East,Product A,49604.29032278054,34377.37336000963,11349.638984333207,4.191204873092025
2023-04-30,East,Product B,51331.61766570445,35057.54649378033,10984.902528016299,5.0
2023-04-30,East,Product C,44898.08012598947,31583.214562417874,8938.006089996365,3.7222614404198726
2023-04-30,West,Product A,44900.90298154786,26102.3656713429,12378.033062215103,3.714626853125262
2023-04-30,West,Product B,43341.15541516617,27950.54734667433,10942.831112772808,4.316465908877755
2023-04-30,West,Product C,51623.3841668104,38107.367195474806,6968.511770005536,4.897938836547761
2023-05-07,North,Product A,45097.69047612491,30587.228205271975,9224.596880128032,4.167228394993512
2023-05-07,North,Product B,55268.354181382645,36424.892331343995,14020.409077532699,3.6008513777307734
2023-05-07,North,Product C,38965.446175883786,25460.43322864142,8538.139920116162,4.897278931758894
2023-05-07,South,Product A,45859.10960771063,30427.956600505586,10447.575903277797,4.594196636724042
2023-05-07,South,Product B,70215.45940698897,56766.63639534784,8938.262454159358,4.522080438534536
2023-05-07,South,Product C,55455.13191701049,36177.78908021246,13693.414651472067,3.82035395460647
2023-05-07,East,Product A,54725.23864553848,36687.349303175295,12217.407161165815,4.2536370155536485
2023-05-07,East,Product B,58533.39751671323,39812.64734478436,12338.591180891346,4.324354943794821
2023-05-07,East,Product C,48663.055357465164,32163.11901809016,10293.427372866645,3.591532164506382
2023-05-07,West,Product A,52949.38647098321,38707.31927270312,9213.322375345278,4.639225931303649
2023-05-07,West,Product B,51528.79254415922,37795.77558882685,10092.873096312298,4.3731267830136105
2023-05-07,West,Product C,55163.8734491286,36145.14223747068,14326.50944661092,4.10957516383197
2023-05-14,North,Product A,51995.069469686045,33935.45844254605,13154.90655952695,4.13951076288517
2023-05-14,North,Product B,54863.17207773231,39936.387445970126,10373.218246312716,4.097044996449154
2023-05-14,North,Product C,58589.053998878175,45509.114923553425,7946.969401177879,3.6499395925304134
2023-05-14,South,Product A,59560.37303139874,48165.66868823788,6953.626190432451,4.188605937532261
2023-05-14,South,Product B,62524.192233874724,48210.892282713896,9868.499477854024,4.940578534720295
2023-05-14,South,Product C,38415.88879667005,27373.486259856883,5602.388086759836,3.7489728878236943
2023-05-14,East,Product A,41830.13746295429,25169.623854584388,11416.712894598706,3.717960684631636
2023-05-14,East,Product B,39757.564810632844,22362.448976113894,11744.91465656029,3.9504120681103085
2023-05-14,East,Product C,64773.09596838133,53438.79067195837,7859.830467347695,3.6540459650593777
2023-05-14,West,Product A,49635.311869156016,34389.869028366964,10486.678898645383,4.1760276982571485
2023-05-14,West,Product B,39987.68460647645,22182.306576722498,12887.52920814652,4.558647915794063
2023-05-14,West,Product C,52741.802771021634,36258.52905248186,10913.506438307568,4.223854280008657
2023-05-21,North,Product A,55141.78207894035,37286.95584897402,12658.305060264862,4.354501878794256
2023-05-21,North,Product B,49282.11444570219,32078.272316862516,12880.234430898945,4.900470216455408
2023-05-21,North,Product C,49678.736394845255,37412.18218417056,7138.449795763903,3.6594741712625596
2023-05-21,South,Product A,56725.148391909795,43476.57978372936,8694.752041395219,3.0552296345272345
2023-05-21,South,Product B,46381.54944600739,37813.21092275103,5152.2413467420865,4.3802073280721485
2023-05-21,South,Product C,56286.40126920666,41402.46228876594,10850.91512356993,3.9761443219290102
2023-05-21,East,Product A,49971.17968727545,35784.510763893384,7683.2706216149145,4.438681145287836
2023-05-21,East,Product B,48232.28660936269,32970.132123426076,10053.771677989062,2.9791325657878547
2023-05-21,East,Product C,48022.58093983522,35388.16944572574,8636.031504004402,3.8594498535570225
2023-05-21,West,Product A,64381.49221479618,48670.985482044955,11281.685722534019,4.2862913906780795
2023-05-21,West,Product B,61194.843492688015,44285.9457569423,11849.267365825537,3.676531611147213
2023-05-21,West,Product C,55585.78650890872,38903.62251803749,10786.9707708435,4.317585900840985
2023-05-28,North,Product A,58396.42172255468,43149.49808004149,8929.529576878864,4.0987998023462
2023-05-28,North,Product B,66602.08698100212,51244.498814016006,8621.624363820865,4.098955391731324
2023-05-28,North,Product C,44788.655971084416,31076.77494738738,9032.228331891358,4.212082973200959
2023-05-28,South,Product A,54182.683904284,40354.43850442214,8852.599992122841,5.0
2023-05-28,South,Product B,63820.34536080569,47909.69454328943,10872.647339348065,4.06001566335913
2023-05-28,South,Product C,54908.14378184333,42211.10544966349,7954.414869603189,3.1657079630612053
2023-05-28,East,Product A,53193.78498084223,37382.57956373612,11294.391879405483,4.786993381645017
2023-05-28,East,Product B,40193.87469598127,27898.172637840937,7071.250239580359,4.523549151306077
2023-05-28,East,Product C,63471.42153166295,48310.50922396954,9082.23147426212,3.9807457652496465
2023-05-28,West,Product A,48618.981600473446,31199.338847086685,11767.319874973346,3.211803921507875
2023-05-28,West,Product B,61812.322797807166,44677.702791021795,12760.182708294902,4.197901766718704
2023-05-28,West,Product C,53952.24149026191,38981.19911245952,10521.347531647814,3.664188316030974
2023-06-04,North,Product A,49795.56743206844,31906.50923895528,12345.45803851873,3.814692833956947
2023-06-04,North,Product B,56173.58968518676,45721.90922607481,4302.914758739849,3.13014311061095
2023-06-04,North,Product C,47100.47246877494,35634.49373374814,7760.660210747712,4.58041339368926
2023-06-04,South,Product A,46258.39038950487,30612.303204922628,10693.007763461432,4.23852041361156
2023-06-04,South,Product B,50614.57512848204,37184.29275741204,7434.015551622861,3.753121708419344
2023-06-04,South,Product C,37547.34481072199,21902.815342019505,9143.769678068174,4.425110871056747
2023-06-04,East,Product A,47210.78292473713,33230.933384591364,9301.484591363142,5.0
2023-06-04,East,Product B,53055.48361785243,36165.11686943845,10860.083294382139,4.119394579513257
2023-06-04,East,Product C,47927.66283343438,33391.963791018396,9607.300301830044,3.981388881745079
2023-06-04,West,Product A,55821.03634909584,39984.50450026567,10103.891771614599,3.959641709945709
2023-06-04,West,Product B,50629.08152252872,38709.15521689046,6003.598630935785,4.173244237948996
2023-06-04,West,Product C,57984.08087887722,46688.216930483875,4207.489243612621,3.930205185922413
2023-06-11,North,Product A,58865.462533900136,45332.50048308863,7920.188145748938,3.473292218413172
2023-06-11,North,Product B,45009.84831443356,26372.468007463336,13828.062707733572,4.108716436589861
2023-06-11,North,Product C,56960.54184551003,40818.759164421244,10991.363775945209,4.182480501233113
2023-06-11,South,Product A,69227.3246819062,54141.46322925841,9884.76240593283,4.525327198003806
2023-06-11,South,Product B,58844.20746366387,40831.41663051393,12374.06061112076,3.4284975436347582
2023-06-11,South,Product C,63067.45225840877,50057.507579207115,7707.309213962624,3.622862074990321
2023-06-11,East,Product A,49486.89322725606,33508.011191198835,10657.524820606961,4.210960377117642
2023-06-11,East,Product B,62909.69015246918,47246.77818473187,10907.06860302796,4.482043584144178
2023-06-11,East,Product C,59515.76391139712,46373.57947182125,7544.784369726015,4.350586371155449
2023-06-11,West,Product A,47619.491973120064,30018.133933529352,12751.413626623238,4.062788226735771
2023-06-11,West,Product B,48615.425405729045,34680.54239746131,10031.158095162935,3.279974558702853
2023-06-11,West,Product C,62756.04050579978,50441.35555189274,8306.077303363345,2.9233049431981426
2023-06-18,North,Product A,44888.306018483985,30892.47044516261,7353.820413185003,4.504908544671317
2023-06-18,North,Product B,44494.79723857821,24008.160140898002,14504.871610688617,3.8375843082456886
2023-06-18,North,Product C,30004.754281011414,11812.441602593524,14581.885145181484,3.177300626521554
2023-06-18,South,Product A,58180.56345607712,36916.78582488806,14879.504812678546,4.28195456002618
2023-06-18,South,Product B,54758.03473332229,37292.27502597491,11706.831117560616,4.1405957119846875
2023-06-18,South,Product C,50833.608831615005,36712.75967628073,9874.813744200956,3.859662461566613
2023-06-18,East,Product A,36456.34548643691,22641.61584717733,9803.3207464105,3.4482053413921143
2023-06-18,East,Product B,51439.15320922783,32736.832030536316,12784.004572689199,3.2147496981884114
2023-06-18,East,Product C,42082.974907437296,26183.919924999173,11881.542375976433,3.887683425001488
2023-06-18,West,Product A,54400.41679219642,41231.73019577773,8063.311090272729,3.3329872525408977
2023-06-18,West,Product B,45189.05884839029,31142.48871363688,10639.563868285073,4.220237368980199
2023-06-18,West,Product C,49842.89760858655,33514.0035656876,11104.979908834295,4.682070214986922
2023-06-25,North,Product A,51001.79602118326,36738.30960040148,9141.188917749494,4.271649014518194
2023-06-25,North,Product B,50390.880562605635,36011.688868004625,10081.183382407764,3.668549541224526
2023-06-25,North,Product C,38779.15782560245,21523.867574619857,13499.153486373878,3.6535474011020463
2023-06-25,South,Product A,44252.74187544642,27757.84279984957,11789.848753888882,4.623871036336867
2023-06-25,South,Product B,44612.07500604905,29889.433734861203,10557.988324447604,5.0
2023-06-25,South,Product C,40499.212647763896,24245.79434637774,10619.641420454054,4.206899548725749
2023-06-25,East,Product A,48517.698728978336,33733.52865646608,9740.358600533147,3.9264989991857555
2023-06-25,East,Product B,57711.032934359275,38847.47871618441,14421.046003182702,3.3150985102104613
2023-06-25,East,Product C,49293.74361318996,29937.99950585105,15159.418675308636,4.819558402722034
2023-06-25,West,Product A,63421.60651261153,48959.79991684225,8892.82351658401,4.814198311564269
2023-06-25,West,Product B,46966.9780721001,32955.81970625347,9592.839279795277,3.492621634653567
2023-06-25,West,Product C,44805.77963947194,32219.57670473723,7552.119466475488,3.615013384470679
2023-07-02,North,Product A,51870.28729432598,39651.198354518776,6888.208707592745,4.416764480804463
2023-07-02,North,Product B,34050.11485942836,17074.33272725992,10748.113139695144,3.3951794906543973
2023-07-02,North,Product C,63380.57909470163,48247.55293172794,10838.03801873209,3.972115461171147
2023-07-02,South,Product A,54466.61530017378,38775.84852490258,10152.010782824824,3.539663203460317
2023-07-02,South,Product B,51354.886592288625,39293.54164744729,7172.571006190039,3.548046179267605
2023-07-02,South,Product C,44115.76045928187,25552.263988266724,12472.186350420874,4.304569060453589
2023-07-02,East,Product A,41261.49788261937,25681.21708202979,9367.183100610397,4.070858456819952
2023-07-02,East,Product B,68554.63631985355,52575.95152457478,10786.635678788743,3.845441767898749
2023-07-02,East,Product C,51068.32723825826,35665.15823433075,9695.060327238913,4.478351158397292
2023-07-02,West,Product A,43712.0843159364,33210.75559615525,7337.534092884443,4.253995663456272
2023-07-02,West,Product B,41173.067150609015,30090.26973198302,5694.218814095034,5.0
2023-07-02,West,Product C,49951.432707680855,33192.62180023001,11676.981548903284,3.9505551734044286
2023-07-09,North,Product A,57352.61186390215,42665.76863820755,9419.450911622698,4.160848903098007
2023-07-09,North,Product B,44655.27637085561,27846.15142847797,11984.084699073046,3.6221274202535776
2023-07-09,North,Product C,54292.07874856323,41060.833554776174,8203.064036417925,3.995440501677898
2023-07-09,South,Product A,58687.164526652625,42762.795019637866,10949.396465759906,4.408883149600143
2023-07-09,South,Product B,61121.66039213851,44995.687159591405,11115.620612703724,3.34408188382492
2023-07-09,South,Product C,41479.09069539702,27699.052306265636,9389.550591290665,3.906514348507277
2023-07-09,East,Product A,50453.199399176854,34464.312668522485,11059.385508713462,4.243250821913101
2023-07-09,East,Product B,50515.79531848096,40406.06384500746,6049.0668672922575,3.9279562221391924
2023-07-09,East,Product C,40322.44205727114,22591.83376493503,11199.857459992409,4.609380925848658
2023-07-09,West,Product A,48292.45703255833,30162.337301656316,12981.452273699904,3.8314570144409803
2023-07-09,West,Product B,45092.77869167248,31085.89488318997,9395.060627023744,4.085208111187744
2023-07-09,West,Product C,51284.591848398915,35841.56163834574,10006.092040306828,4.595323137393171
2023-07-16,North,Product A,57596.43308353059,48120.15015533235,7030.204063100193,4.467159955619637
2023-07-16,North,Product B,39064.97041267663,25684.61424252136,9550.469196214633,3.09900978120999
2023-07-16,North,Product C,54331.7018256383,38389.90190575973,11518.310320605295,2.704478853927545
2023-07-16,South,Product A,45630.04441398014,31325.347971949173,10783.608010805094,4.091679959889578
2023-07-16,South,Product B,49877.52120661604,33599.35783899971,11158.582999202177,3.5134655295592223
2023-07-16,South,Product C,59572.572013315934,44916.93569887981,9682.94085394606,3.533366020463402
2023-07-16,East,Product A,46453.74199046792,33396.29347844514,8230.394571946199,4.855854240071172
2023-07-16,East,Product B,39024.79085654915,25780.743324809027,6772.877204246517,3.8953381614240667
2023-07-16,East,Product C,44647.41809072067,28173.22425566538,12079.809374792152,4.913004856773468
2023-07-16,West,Product A,55423.40697071415,39241.92157374006,9024.177183708594,3.6971425384983307
2023-07-16,West,Product B,55936.76297607445,39036.43652586267,10598.585160812983,4.7807555983634265
2023-07-16,West,Product C,50256.033192526134,36302.89679027939,8493.164259307632,3.661142315123947
2023-07-23,North,Product A,66107.09798021299,51199.34886935962,10273.070662165475,4.092340152932454
2023-07-23,North,Product B,39222.989683762426,24965.803852839304,8056.771922978697,3.671552860514302
2023-07-23,North,Product C,41624.712138544484,24365.702478826912,11073.305505054572,4.359476655332533
2023-07-23,South,Product A,57968.38148644653,45903.7823303273,8486.409822861078,4.750666825977744
2023-07-23,South,Product B,47418.561289262914,31592.03318032395,9498.333967089906,4.27811500470033
2023-07-23,South,Product C,53647.10217665286,34960.61571723083,14330.004689802168,4.463920064040619
2023-07-23,East,Product A,50456.10499917668,33390.452015037634,10537.184557726514,4.2539178781448115
2023-07-23,East,Product B,54306.36863239706,37526.30668732034,12145.014674619604,3.5803951663304967
2023-07-23,East,Product C,41641.52644783173,28518.032496643416,6067.286821247997,3.4483958171391587
2023-07-23,West,Product A,48229.97101131382,33476.19091328256,9446.373400222159,4.407868606269648
2023-07-23,West,Product B,56883.787906877966,43217.06449780226,8833.845122862123,4.14128997524415
2023-07-23,West,Product C,48010.47099053163,29304.804886853388,13214.691152039984,4.367438893024909
2023-07-30,North,Product A,55303.0501493393,37775.08087566494,12346.94771497065,3.351584026022077
2023-07-30,North,Product B,53197.50361402113,40028.834083354544,8697.286212416342,4.293182009377547
2023-07-30,North,Product C,59906.26457146909,44554.888405398,10042.543153472123,4.851107472317619
2023-07-30,South,Product A,51926.025435908545,31157.14956191621,15203.36622836079,3.119618620422091
2023-07-30,South,Product B,56026.73296883626,38974.663444987964,10762.316769765555,4.336590675634979
2023-07-30,South,Product C,48892.35212812981,36549.97185799457,7551.403527421268,3.57473977289535
2023-07-30,East,Product A,45355.812401562216,27508.751088369594,11177.156808841219,4.19733576491149
2023-07-30,East,Product B,40432.93550371852,23347.09868063259,10889.205336440282,3.695108547840309
2023-07-30,East,Product C,48927.86266661666,34683.38459024051,10029.376389458394,4.324140216921929
2023-07-30,West,Product A,49032.41481113775,34080.842101125796,10839.064887814056,3.781270849838295
2023-07-30,West,Product B,55779.05086262217,39797.7533155723,9254.333695816465,3.800181907192699
2023-07-30,West,Product C,51797.477806015086,36350.661875201935,11865.18166374618,3.119595594009612
2023-08-06,North,Product A,37794.74948343924,20821.439422477324,12525.168206854363,5.0
2023-08-06,North,Product B,45486.019210740895,28574.806651778945,10369.102606394074,5.0
2023-08-06,North,Product C,66492.02861309118,48051.23362609344,12416.732461186286,4.296263474600591
2023-08-06,South,Product A,56226.8886093331,43147.45892541248,8897.628567342934,3.998312771294524
2023-08-06,South,Product B,48638.523019800574,33848.591670998416,9093.543901345449,4.477652604285256
2023-08-06,South,Product C,50707.25509033478,33893.884042357764,12955.060162110523,3.9031702703601407
2023-08-06,East,Product A,44265.42143517756,33081.17535516638,6266.92676585388,3.939126245808358
2023-08-06,East,Product B,62107.59794593705,46870.1614011567,11261.623369109555,4.927046283167094
2023-08-06,East,Product C,59768.26956420283,43830.55825611543,11164.195406937231,3.52028038163826
2023-08-06,West,Product A,47022.34579143157,27960.26224608859,12177.497239408372,4.7716217641360945
2023-08-06,West,Product B,46089.204625709805,33187.55324537662,7760.765133421977,3.115780317218574
2023-08-06,West,Product C,52585.34171347825,38346.58338794383,9704.794827402662,3.202648466366602
2023-08-13,North,Product A,54108.80085255773,41344.11936759185,8934.598320676178,2.5638688933591753
2023-08-13,North,Product B,49779.88075959491,29574.118351707555,13544.503193339488,3.771451871706864
2023-08-13,North,Product C,45182.303517105756,30243.140444144003,10937.548512150048,4.150895949909733
2023-08-13,South,Product A,56128.64222707752,38774.92985578886,12453.866447768614,3.898163124911517
2023-08-13,South,Product B,42976.13930594751,29856.378905928752,8346.23929192028,4.183682753408089
2023-08-13,South,Product C,57308.677009866,42422.34634226716,8393.64209863931,3.8644381994787156
2023-08-13,East,Product A,49829.06164521251,38747.7252637811,8505.576641704352,4.442022698180525
2023-08-13,East,Product B,55894.75117673947,41390.41557375102,9437.344885763574,4.25796960885205
2023-08-13,East,Product C,37499.63314490766,22763.473819978426,8941.89464530741,3.3728552884153755
2023-08-13,West,Product A,52348.46345733303,39595.19708414632,7286.836390753189,3.982179258851258
2023-08-13,West,Product B,37078.94547275592,20484.058340639625,12329.478708914343,3.5948737814928093
2023-08-13,West,Product C,51604.553577847546,35323.10069796851,12297.27469885743,4.030839924923986
2023-08-20,North,Product A,53430.532002644584,36867.87923284107,11386.211214526287,3.816486080458339
2023-08-20,North,Product B,43379.27823481024,29279.1294807031,10172.28776609275,2.5393247582526963
2023-08-20,North,Product C,53492.47843326134,39047.541186630784,11807.86968217239,3.495134647645031
2023-08-20,South,Product A,54953.23408804158,35817.44944094277,14114.990939423398,3.6359985293854327
2023-08-20,South,Product B,48536.82847116128,31433.039811989445,12749.75283829637,3.6004039966748733
2023-08-20,South,Product C,46138.05182254374,32922.03872306637,8093.342783482575,4.81233922923478
2023-08-20,East,Product A,52584.63418492823,38381.15245809635,9495.292995747424,3.2184045956516716
2023-08-20,East,Product B,57064.87821717727,42401.0325247935,9844.325605974396,5.0
2023-08-20,East,Product C,52390.02326692549,39319.9629633214,8496.417899809632,4.574222854598378
2023-08-20,West,Product A,50906.163284302114,37863.49030636164,7123.444043365267,3.665927957230503
2023-08-20,West,Product B,64986.38220974036,48273.60797396982,12160.096131429298,4.640508180867556
2023-08-20,West,Product C,50542.84408421923,33352.563916680316,11705.547350244438,3.5768216725045634
2023-08-27,North,Product A,44851.60134146031,28126.45503840453,12059.921635162322,3.798175768379002
2023-08-27,North,Product B,42359.019365205175,24449.296314775107,10847.198131186922,3.4662335428728634
2023-08-27,North,Product C,50193.75565338207,32448.95593379692,12824.44111083086,4.226185898124867
2023-08-27,South,Product A,41500.85177482496,25831.38184541421,10856.614194415297,4.4928649978399315
2023-08-27,South,Product B,59499.08841251801,38740.32795526721,15179.127284037228,4.162898158291084
2023-08-27,South,Product C,51555.07441261869,36922.92315477838,9293.667414378624,3.8522992949304853
2023-08-27,East,Product A,51347.68781015692,34719.03530422064,12635.19507121592,4.5699392805645225
2023-08-27,East,Product B,60536.92053871892,47894.91249170968,9763.862946017842,3.696089006452784
2023-08-27,East,Product C,60375.95637248887,46420.99472938155,9954.263875402235,3.7476125393858912
2023-08-27,West,Product A,56724.96021203642,40870.42517480336,11093.467136402758,3.8165877940926562
2023-08-27,West,Product B,46865.93480764943,32095.37948717699,8155.179631002995,3.8388397653943303
2023-08-27,West,Product C,59737.26816660397,40696.32516461111,13042.632103844902,3.7841898436409758
2023-09-03,North,Product A,53229.840722692876,39181.93379620484,9951.608787218167,4.162179640860802
2023-09-03,North,Product B,40567.68167072158,23656.940191096845,12375.358776923127,4.10057982793642
2023-09-03,North,Product C,52266.302972369136,37197.419118302016,9482.190052591845,3.7625481716887377
2023-09-03,South,Product A,56970.37837965795,44535.95816060504,7308.040639506503,4.969464499529142
2023-09-03,South,Product B,41997.3494031554,27838.93149454619,8644.510058950296,4.089790890969799
2023-09-03,South,Product C,52805.04079418848,36191.945065331376,10978.374260295328,4.5548499209781115
2023-09-03,East,Product A,53278.5492554281,38088.49086346245,9517.484690762914,4.949940967447608
2023-09-03,East,Product B,48938.93002893941,34780.90796899372,8050.941390658717,3.939809418023201
2023-09-03,East,Product C,32618.64363188771,16459.12846354079,11694.843354300843,3.9547333588479194
2023-09-03,West,Product A,52655.84264455212,36565.39146785495,10380.999359558133,3.7822568147150784
2023-09-03,West,Product B,54104.84638540866,38885.12925968898,9480.906644832166,4.307683742006526
2023-09-03,West,Product C,42516.490383643235,25880.489596407217,12171.964232350065,4.404028899140573
2023-09-10,North,Product A,52938.298507210726,34485.39713599233,13676.367353590245,3.8253416019409014
2023-09-10,North,Product B,49844.64315289814,34651.06081662464,9393.64043433145,3.191844695781706
2023-09-10,North,Product C,41570.54064682917,27755.838898013983,7864.394156841614,4.855306686290962
2023-09-10,South,Product A,49164.40625170023,34431.99753496707,9662.356553619979,4.580939151304095
2023-09-10,South,Product B,42581.1749264754,26129.239331223405,10476.73796546957,4.250547084969923
2023-09-10,South,Product C,51516.65293278995,37217.7930406549,12002.092185134283,4.338937659765453
2023-09-10,East,Product A,44767.39453498061,32917.45772916854,6338.734206287087,4.686829272581479
2023-09-10,East,Product B,48900.411882978464,30382.384530583946,11905.749094405877,4.657457226792023
2023-09-10,East,Product C,63119.71623497114,46560.02761392576,11484.254982143784,3.199017094051416
2023-09-10,West,Product A,48031.500094960415,32547.050568094986,8313.506809367616,3.9120570937838317
2023-09-10,West,Product B,50985.63845427588,34839.06525582249,11102.970752080935,4.847525520215377
2023-09-10,West,Product C,45018.80510612438,30372.060781347947,10389.214910474486,3.339988744389647
2023-09-17,North,Product A,45105.84727275772,30609.2230913718,9925.926405903176,3.653789510063072
2023-09-17,North,Product B,38749.46029062533,25420.39180991372,9833.78885474261,4.380027981844801
2023-09-17,North,Product C,50659.51802347603,38883.83009945575,7084.897001070139,3.6239217972047086
2023-09-17,South,Product A,52553.396083353444,36747.6676609529,12680.90089204629,4.057513039573709
2023-09-17,South,Product B,48718.93763546688,32163.060854328258,11342.680152900932,3.6240153341305903
2023-09-17,South,Product C,47447.56851466706,32963.61308967543,8407.948286393022,4.010655824335971
2023-09-17,East,Product A,65209.52548602406,51039.25388056377,9878.678372370758,3.2431428036935865
2023-09-17,East,Product B,35574.88258995244,23476.027824951936,6831.72811398902,4.254362511614967
2023-09-17,East,Product C,37350.474383742934,21043.458807274143,11790.07662815223,4.073396505992775
2023-09-17,West,Product A,62897.765026043395,46372.61704221817,11793.678631731063,3.5544038872923562
2023-09-17,West,Product B,32785.47678936556,19434.913666678098,8561.69336151516,3.506410236424408
2023-09-17,West,Product C,48949.94426326156,34021.096479152104,10153.703765917537,3.6749987095882704
2023-09-24,North,Product A,51349.23737573382,36555.75515403785,10883.881299138819,4.705466189873135
2023-09-24,North,Product B,49211.29494172591,33465.38127257966,10037.699245889695,4.116608065631751
2023-09-24,North,Product C,57625.093071305964,42663.28211554275,10574.248330403649,4.180751762603051
2023-09-24,South,Product A,40850.1903414347,25666.30092052612,10217.119411553047,3.89594157136373
2023-09-24,South,Product B,48971.699908488554,38284.122907224795,6236.301909004722,4.0464224505705575
2023-09-24,South,Product C,51278.8511359792,37068.49357696642,7944.649718148084,3.56691257589275
2023-09-24,East,Product A,57755.65760421389,42547.49619031433,10854.38872374337,4.887655446304756
2023-09-24,East,Product B,40450.90534594816,22612.014680685177,11838.308347220003,3.6646898954616773
2023-09-24,East,Product C,61139.72240051463,46351.12180043267,9499.906970802094,4.13016091938561
2023-09-24,West,Product A,48925.53006823562,31510.42480136384,11621.616546319565,3.1257340133809097
2023-09-24,West,Product B,60434.72194302522,47727.15971475492,6675.0160239286515,4.563352568413792
2023-09-24,West,Product C,41272.26855827842,28199.601802673526,9178.37142409083,3.8925394848556323
2023-10-01,North,Product A,47535.72572651407,29666.095915855785,11559.321064538679,4.697841905394978
2023-10-01,North,Product B,45502.65578737358,32604.53772708358,9581.556252510945,3.5970649667519057
2023-10-01,North,Product C,57718.813064779664,40721.99628956312,13231.165647096463,3.703767870423553
2023-10-01,South,Product A,49788.753944328586,35038.035146611015,10560.322317639213,4.212030522232045
2023-10-01,South,Product B,46209.28522343267,30691.90551718553,9971.095458243442,4.003211134905469
2023-10-01,South,Product C,46508.91287578745,31816.49544284445,9780.78039214834,3.814994485058936
2023-10-01,East,Product A,47929.631498663184,29171.417709712507,13197.294341009434,3.8522598409854196
2023-10-01,East,Product B,55575.63523608589,40070.14957801127,9332.36102048798,4.184821096099047
2023-10-01,East,Product C,49141.58284796617,34817.02514841412,10895.433851620555,3.4366162655450974
2023-10-01,West,Product A,40448.599948807554,23430.19875979505,10285.886189527413,5.0
2023-10-01,West,Product B,55104.40881152606,40903.777595789885,11001.688949888914,3.728663100132989
2023-10-01,West,Product C,43697.72998473409,30107.56899982111,8758.304803497767,3.7639547111514364
2023-10-08,North,Product A,34165.6015169937,18742.52403049844,11495.820512235068,4.119623432055575
2023-10-08,North,Product B,66592.66135799978,55961.718063918954,8161.230816827153,3.8569978890599446
2023-10-08,North,Product C,58807.67707998857,41120.531765999796,13916.694908441188,4.248349611618261
2023-10-08,South,Product A,46277.51634575957,28845.069707350805,9788.103291391728,3.2485148358024234
2023-10-08,South,Product B,52029.91729195659,35008.744623486375,10935.386343530867,4.048991576735448
2023-10-08,South,Product C,52464.40431603282,37978.5745096313,9216.702865156418,3.8284038622512946
2023-10-08,East,Product A,54972.57511884841,40334.69539703349,9260.779327912733,3.985368593157511
2023-10-08,East,Product B,59008.40200617735,45884.221921561206,9897.212552823028,4.630960750356996
2023-10-08,East,Product C,42754.14159309905,29657.33556444018,8692.46732270236,4.687219046585408
2023-10-08,West,Product A,32914.606288170435,10583.052411784396,16275.497067319988,4.11161945706458
2023-10-08,West,Product B,49560.84799506971,33468.61741697506,10571.108149715314,4.322607792975028
2023-10-08,West,Product C,54444.83572802759,39463.012785824416,10179.161362510498,3.924363358173244
2023-10-15,North,Product A,48440.733757178554,30579.636841163563,12267.540193734128,2.5298056826678597
2023-10-15,North,Product B,55247.20621223809,39876.44257924644,10389.47238943755,3.805740773455557
2023-10-15,North,Product C,58992.901759888104,42870.726503466,11895.052924245716,4.203526143562268
2023-10-15,South,Product A,42226.74612366971,30612.69967783754,7240.763670422139,4.43119673619138
2023-10-15,South,Product B,57625.000363008694,40873.73373596611,11026.170840194585,4.258089143557479
2023-10-15,South,Product C,44868.147238216385,28203.892623640822,10863.845089347882,4.377145664906787
2023-10-15,East,Product A,59511.306971797145,42743.25106985344,11416.607694402128,4.535075119158214
2023-10-15,East,Product B,49787.82992600752,36714.64619240672,8236.250697544565,3.6275486775967756
2023-10-15,East,Product C,44598.57380020495,30680.031062635946,9710.962658568964,3.84601923518048
2023-10-15,West,Product A,34851.082664369715,19423.28977426161,10426.587414745878,3.5914556844659047
2023-10-15,West,Product B,55273.96534745924,40006.384936575094,11875.140275253118,3.6186376107168927
2023-10-15,West,Product C,43846.86120170161,29897.1925619876,8120.193797782271,3.9030869306135982
2023-10-22,North,Product A,47883.881269515114,36256.18796811939,5992.275271186493,3.380370802573264
2023-10-22,North,Product B,50479.46104213063,33564.04857037559,10554.753875916384,3.345589800440444
2023-10-22,North,Product C,25843.902753433398,8675.692482415154,10367.69908950739,4.619473176469719
2023-10-22,South,Product A,51677.275322197005,36853.42509682379,9016.727628735905,3.5132269001477656
2023-10-22,South,Product B,53810.862154849754,36739.71192901762,11010.940318333254,5.0
2023-10-22,South,Product C,53139.32773743014,39182.829301037134,8982.072748585002,3.115462047555441
2023-10-22,East,Product A,44442.294951287535,30784.948225448334,9181.435123773792,4.076177436016861
2023-10-22,East,Product B,43420.6405409424,26178.372141375257,12242.061334648943,3.995349839430693
2023-10-22,East,Product C,47376.84226789666,31241.36263551107,10310.381367717959,3.56643489214455
2023-10-22,West,Product A,44735.06808739794,31688.39106842449,9392.54794244667,3.590371070139251
2023-10-22,West,Product B,46190.233011642726,29178.89332121535,11748.778361425455,4.096794955683772
2023-10-22,West,Product C,56807.183697343775,41691.46242421368,9725.256423201206,3.948389123533752
2023-10-29,North,Product A,52122.89879519703,40727.23326869662,8834.482684776836,3.932860418906848
2023-10-29,North,Product B,61381.98508879952,43564.15679972516,11852.430804483185,4.618065360903109
2023-10-29,North,Product C,50709.2607276915,35932.28120831466,10394.63141481119,3.8419635719864753
2023-10-29,South,Product A,54926.16919816913,37657.8465995125,12407.768874337633,3.774905367574294
2023-10-29,South,Product B,50004.22367085278,35245.66498912809,11202.41349785823,2.851909523431381
2023-10-29,South,Product C,45595.70520406733,33545.270253542956,7558.575148171683,3.9261098405912644
2023-10-29,East,Product A,46374.01272781589,28142.332894272076,12904.935068941491,4.150237179805414
2023-10-29,East,Product B,54977.657152347216,41216.21160048849,7722.333764438462,3.96211785673227
2023-10-29,East,Product C,55363.8449379297,44061.318170026076,7856.2855339196885,4.408944829012515
2023-10-29,West,Product A,53011.27620878013,40685.042398769845,8195.89689128498,4.562717392207385
2023-10-29,West,Product B,40484.70485706138,23099.97968519732,13285.345906511928,4.319195962804192
2023-10-29,West,Product C,47371.05219400812,31708.791333957626,11206.374862164686,3.918603546963853
2023-11-05,North,Product A,50327.35340316577,36590.903969308594,7995.625088437055,3.743393216764207
2023-11-05,North,Product B,48171.20067727985,37722.23308529218,8011.301250782975,3.9044861186999156
2023-11-05,North,Product C,69300.92337290333,52750.975176841675,11569.208575796049,3.868554585395866
2023-11-05,South,Product A,50179.72714249637,35266.3017274548,11094.23823035042,4.557160847334436
2023-11-05,South,Product B,55723.05052352995,38848.20333330435,11436.37145141587,4.009808328846995
2023-11-05,South,Product C,55382.88988773456,39553.30233119282,11183.628267482756,3.7131991135515494
2023-11-05,East,Product A,50814.850362095895,33955.917134759424,13098.040302990375,3.26623736712378
2023-11-05,East,Product B,51318.08672989214,36042.96966180969,10101.775403712036,4.12197659895425
2023-11-05,East,Product C,48214.38196292156,31835.55906419391,12979.726877204164,3.585751487609877
2023-11-05,West,Product A,49173.96191880762,37636.193945548024,6713.622377691665,4.830735082864009
2023-11-05,West,Product B,50167.09190636769,35965.8548601029,10461.401811437367,3.6918192959802614
2023-11-05,West,Product C,46998.428957408505,31352.215355917204,9364.569806487532,4.278845530362562
2023-11-12,North,Product A,41108.33634450375,25117.105039142953,10493.00955686401,4.570074519260634
2023-11-12,North,Product B,62644.32549254699,50485.37138741306,7969.811616344263,3.371211070542692
2023-11-12,North,Product C,48127.84112714415,31207.78986166238,10932.71674889267,3.9620244881787388
2023-11-12,South,Product A,47441.219813961245,32972.846731093785,10303.51598449748,5.0
2023-11-12,South,Product B,37138.71178305553,19745.62440603444,10369.48115779145,4.003399922279999
2023-11-12,South,Product C,48479.68771998805,34374.970247371304,9285.109154379146,4.686424237338265
2023-11-12,East,Product A,32305.104709363946,15662.194459221439,13066.867402592652,3.8666738353827927
2023-11-12,East,Product B,46566.04463761071,31987.062449953013,11177.106539541439,4.231086333040971
2023-11-12,East,Product C,66194.47698629482,53731.118827870036,7273.651990814379,3.6690089111016952
2023-11-12,West,Product A,53407.09764954429,39010.28900375709,10038.295554831504,4.243936142435537
2023-11-12,West,Product B,64434.78487829395,49096.834519600365,9618.192416545402,3.353363521064418
2023-11-12,West,Product C,42348.508985455934,24919.58040115921,10944.812555760755,4.17780667439283
2023-11-19,North,Product A,47495.535755814766,33747.36067893777,9998.582810846709,4.302257663177683
2023-11-19,North,Product B,57058.66449858727,43432.887312012936,9095.819334333839,4.132939114826025
2023-11-19,North,Product C,46506.24211167524,29538.785551760368,9867.734770748355,3.8764871496270015
2023-11-19,South,Product A,47133.278783830225,32684.170423600604,8704.916388729682,3.9093879133909484
2023-11-19,South,Product B,44805.01569342859,25742.80462436893,12642.608064546024,3.6997882171306475
2023-11-19,South,Product C,35067.68038911507,18737.28283520123,12015.027379673844,4.395312799581385
2023-11-19,East,Product A,34239.16945830532,18665.14671098748,11785.194676598618,4.365382059533262
2023-11-19,East,Product B,50114.18454269147,37429.09969441154,8092.12116120671,4.34315922847835
2023-11-19,East,Product C,50847.15562492188,32701.889079461427,11168.825960944969,3.217879194144474
2023-11-19,West,Product A,62937.70059974899,48627.77277302569,10208.711875046425,3.334843187130505
2023-11-19,West,Product B,48487.036873783734,31771.285770312348,11843.300223848919,4.7555774651236735
2023-11-19,West,Product C,38390.594479587526,24667.165819692756,9975.82210430789,4.181815941312484
2023-11-26,North,Product A,57095.0991207784,45540.83656476764,9158.476412637894,4.099474073398247
2023-11-26,North,Product B,53493.90841386808,36449.53671212253,10808.589509923395,3.4644731601754755
2023-11-26,North,Product C,55441.728843603596,39835.301402654164,12385.01502495595,4.159825912959489
2023-11-26,South,Product A,45966.561351938624,30781.930214603577,9836.954653796709,3.756385717943224
2023-11-26,South,Product B,44594.335366707106,30613.276470593857,10068.304834976048,3.4570874355574075
2023-11-26,South,Product C,55434.98626365203,42066.261833060125,7702.411929682688,4.231295646426975
2023-11-26,East,Product A,36193.546169675225,21354.566071299163,8644.87069532869,3.5094172344301593
2023-11-26,East,Product B,46284.7659015249,29577.253605738515,10924.121786503792,3.874230556977752
2023-11-26,East,Product C,45219.918442466864,25636.27905527227,12844.739723397015,4.489429025390898
2023-11-26,West,Product A,50682.54514052019,38129.52099035861,8383.468556718148,4.261257052632879
2023-11-26,West,Product B,53347.18576710947,34893.53848868047,12803.19718589286,3.248459849120091
2023-11-26,West,Product C,58415.58094178335,45795.67346836453,8003.878745371174,4.125100103125847
2023-12-03,North,Product A,65965.33991827171,44138.77974712481,16219.837112010722,3.9084016906398062
2023-12-03,North,Product B,54276.0451878444,37821.40196165392,11775.310851747672,4.897605677956161
2023-12-03,North,Product C,51840.56607353122,35179.15564329397,10995.48617818279,4.210793305307228
2023-12-03,South,Product A,56711.524003756895,43504.33213079677,8765.493626906155,3.4499228835141524
2023-12-03,South,Product B,53516.00984496181,36500.36397178569,11557.873007024227,4.837246216673769
2023-12-03,South,Product C,49955.23184936763,34709.44941432192,11337.483311185026,3.8064501487627993
2023-12-03,East,Product A,55564.30206052622,39160.06478670411,11698.204221486289,3.9642003740709666
2023-12-03,East,Product B,37857.01002655352,22680.685264646956,9285.941598386782,4.287602508053283
2023-12-03,East,Product C,54005.32577104968,38898.71523805958,10099.54737436192,3.6698394302632766
2023-12-03,West,Product A,55590.62736162028,39256.66262484871,10841.94588877878,3.73698257866621
2023-12-03,West,Product B,32773.25664103005,16057.788673531064,12194.30542350739,3.56861211797844
2023-12-03,West,Product C,55547.831295311946,40271.92019110358,9215.974720161741,4.3085029747883485
2023-12-10,North,Product A,55468.55458560382,41988.52202261849,7268.088577598932,4.130625265616928
2023-12-10,North,Product B,47045.78288603038,33535.241184244194,10286.776934684502,4.204326405740336
2023-12-10,North,Product C,41765.027934543425,30992.727692448385,7294.659428312931,4.556344187494963
2023-12-10,South,Product A,44965.89285045769,27434.238893676986,13067.455419832999,3.1463210212035264
2023-12-10,South,Product B,41067.80448041073,23752.079418333517,12471.623240013878,3.7258563517546994
2023-12-10,South,Product C,51280.1458068223,34159.18151858475,11003.56547233509,4.724249614946463
2023-12-10,East,Product A,47121.85083368731,35187.411366974666,7347.904627835924,4.130140253291443
2023-12-10,East,Product B,42289.92859031511,28860.44253855531,8085.698170209915,3.975673824214774
2023-12-10,East,Product C,50262.37596329269,37009.767346898596,8483.009330599862,3.537883427865848
2023-12-10,West,Product A,57121.58728899829,41897.27648178888,12070.498669447505,3.535244569903795
2023-12-10,West,Product B,38027.765959279364,24411.25179788352,8699.952131186204,3.275177390150735
2023-12-10,West,Product C,42625.1214949975,29425.76890976155,7992.0852558370025,4.034672168518125
2023-12-17,North,Product A,44226.09957330197,29419.137913610444,10353.641744278795,3.8641724448369734
2023-12-17,North,Product B,63387.616722388295,47006.27585573519,12680.922103580695,4.414866208939587
2023-12-17,North,Product C,56491.172435932735,42968.921369683114,7703.473422494763,4.768965959206277
2023-12-17,South,Product A,41019.64155004469,26836.98572522971,8164.994357971473,4.135747655412824
2023-12-17,South,Product B,54411.81020191619,38339.93584818705,10681.178432800993,3.3367639358444583
2023-12-17,South,Product C,58378.54165297159,41268.75241218407,12339.179984855547,3.978261525093069
2023-12-17,East,Product A,37751.139979554224,21150.57302580441,11028.50951203567,3.9689044915003446
2023-12-17,East,Product B,58994.82687896402,44098.3754150303,9331.84553804012,3.490167830653942
2023-12-17,East,Product C,49811.5827930061,34934.98338677083,9651.291484194327,3.815236535583321
2023-12-17,West,Product A,48948.21923462666,32732.889128981864,11652.094342883012,3.1967114496306603
2023-12-17,West,Product B,63996.67123364336,47526.025771368004,12762.908157380973,4.344853902622598
2023-12-17,West,Product C,45976.20183558926,30155.003275913645,10526.97443066212,3.882796099841839
2023-12-24,North,Product A,43729.87467530883,31027.14869542259,8618.917895367482,3.5840888958847774
2023-12-24,North,Product B,49462.57367960516,35212.041592114045,8568.480021778496,4.743623077667964
2023-12-24,North,Product C,45359.574069039656,29381.07995766597,10478.809001070755,4.236001135459637
2023-12-24,South,Product A,50607.642143328696,33640.02835392859,11485.364836719446,3.381168788836351
2023-12-24,South,Product B,56953.24851511419,40941.95294475928,11774.581674533485,4.018968917723801
2023-12-24,South,Product C,55466.63194248856,39812.28153388127,9581.372360841277,5.0
2023-12-24,East,Product A,43712.11173892014,31170.382349622814,7237.91079369245,4.360781252563072
2023-12-24,East,Product B,48153.06900924185,31585.153482323032,12906.521326642069,4.3464593115158054
2023-12-24,East,Product C,45153.113433928855,24721.842268346143,13438.755812414594,3.6166717061083262
2023-12-24,West,Product A,45603.54291273136,29271.497788561275,11719.175773959603,3.977294391033881
2023-12-24,West,Product B,50203.10736433928,39056.29142282883,6160.653687604688,3.655136112967913
2023-12-24,West,Product C,46055.01742080182,29424.26030814345,12887.264006937628,4.4066025933739885
2023-12-31,North,Product A,47768.29655734553,32537.44499828549,9440.479663008331,4.1700256472844455
2023-12-31,North,Product B,54564.90397775625,37959.84303987385,11936.369321065722,3.693881632746125
2023-12-31,North,Product C,41318.795787537616,25020.5224221868,8349.17894004209,4.622339790368393
2023-12-31,South,Product A,39191.40507033583,26354.45492210448,7355.084086512859,4.273632398688983
2023-12-31,South,Product B,54391.07068253891,40026.43652964921,9490.088412892605,4.1639397620796785
2023-12-31,South,Product C,50687.144050346644,40355.54442641691,5561.39925450493,3.574296782869843
2023-12-31,East,Product A,51401.6913512681,30063.69168058697,15970.51800520682,3.843235156913801
2023-12-31,East,Product B,57374.412015818016,40988.94175094775,10965.375774418426,4.303425296607836
2023-12-31,East,Product C,66452.34851863634,53240.49331247672,7738.223129348169,3.5368094350092307
2023-12-31,West,Product A,54444.10117073799,41698.84100731526,8162.626977027811,3.8524550428810467
2023-12-31,West,Product B,57806.53375475767,42215.34224331923,11836.908887884827,4.027467055499924
2023-12-31,West,Product C,44323.36116200662,32057.388033781666,7482.990178649331,3.8457586057720903
